,Mouse,Region,Property,Value
0,Mouse1,Region1,SA,17904483884629.13
1,Mouse1,Region1,SA,-3769331732463.165
2,Mouse1,Region1,SA,9441678878238.818
3,Mouse1,Region1,SA,1347355624648.209
4,Mouse1,Region1,SA,-4467879684073.552
5,Mouse1,Region1,SA,-975018227969.2722
6,Mouse1,Region1,SA,20069115853142.137
7,Mouse1,Region1,SA,-1495039347039.7097
8,Mouse1,Region1,SA,-4150784284676.1997
9,Mouse1,Region1,SA,-14344714351976.252
10,Mouse1,Region1,SA,6463705258122.37
11,Mouse1,Region1,SA,-17202822307577.043
12,Mouse1,Region1,SA,-2633190861074.5303
13,Mouse1,Region1,SA,-12224062174226.785
14,Mouse1,Region1,SA,13793877917635.88
15,Mouse1,Region1,Vol,-289289.9477152687
16,Mouse1,Region1,Vol,1425904.3946693155
17,Mouse1,Region1,Vol,-6633390.395298861
18,Mouse1,Region1,Vol,450502.34971922066
19,Mouse1,Region1,Vol,2780634.6154697705
20,Mouse1,Region1,Vol,-14364349.441787558
21,Mouse1,Region1,Vol,-6775561.217133001
22,Mouse1,Region1,Vol,16367718.540007489
23,Mouse1,Region1,Vol,1955160.560649853
24,Mouse1,Region1,Vol,-4393660.61249164
25,Mouse1,Region1,Vol,-2328207.6919845263
26,Mouse1,Region1,Vol,-10625146.587156272
27,Mouse1,Region1,Vol,-10084195.211331794
28,Mouse1,Region1,Vol,12851244.64929465
29,Mouse1,Region1,Vol,15438008.605738621
30,Mouse1,Region1,SA/Vol,0.2642102022298645
31,Mouse1,Region1,SA/Vol,0.26344191419341256
32,Mouse1,Region1,SA/Vol,0.2626368612261889
33,Mouse1,Region1,SA/Vol,0.2625711799279441
34,Mouse1,Region1,SA/Vol,0.26187136476272715
35,Mouse1,Region1,SA/Vol,0.2633018384306674
36,Mouse1,Region1,SA/Vol,0.26326809412891633
37,Mouse1,Region1,SA/Vol,0.2640712193138823
38,Mouse1,Region1,SA/Vol,0.26255206599026903
39,Mouse1,Region1,SA/Vol,0.26332989981567645
40,Mouse1,Region1,SA/Vol,0.26212813207375135
41,Mouse1,Region1,SA/Vol,0.26470708219887545
42,Mouse1,Region1,SA/Vol,0.263012636995321
43,Mouse1,Region1,SA/Vol,0.2635344286295912
44,Mouse1,Region1,SA/Vol,0.26534290101214925
45,Mouse1,Region1,FractalDim,2.519137426996689
46,Mouse1,Region1,FractalDim,2.520876078460972
47,Mouse1,Region1,FractalDim,2.521080665870473
48,Mouse1,Region1,FractalDim,2.519154003790063
49,Mouse1,Region1,FractalDim,2.5198872627439033
50,Mouse1,Region1,FractalDim,2.518423523408091
51,Mouse1,Region1,FractalDim,2.5198487818936193
52,Mouse1,Region1,FractalDim,2.5196338507616427
53,Mouse1,Region1,FractalDim,2.5192557000941265
54,Mouse1,Region1,FractalDim,2.519873619332585
55,Mouse1,Region1,FractalDim,2.520075732558722
56,Mouse1,Region1,FractalDim,2.5187459071783143
57,Mouse1,Region1,FractalDim,2.5184281402054407
58,Mouse1,Region1,FractalDim,2.5190397248654857
59,Mouse1,Region1,FractalDim,2.5196053643737373
60,Mouse2,Region1,SA,-9432636054102.924
61,Mouse2,Region1,SA,9386117860114.893
62,Mouse2,Region1,SA,-13432864957041.248
63,Mouse2,Region1,SA,4509611693698.647
64,Mouse2,Region1,SA,4749253026771.179
65,Mouse2,Region1,SA,9740238197303.615
66,Mouse2,Region1,SA,10085688932964.29
67,Mouse2,Region1,SA,-13968406943875.955
68,Mouse2,Region1,SA,1070333761101.5731
69,Mouse2,Region1,SA,-8176769717779.096
70,Mouse2,Region1,SA,3202085931311.5093
71,Mouse2,Region1,SA,8791981999490.884
72,Mouse2,Region1,SA,7373867317278.788
73,Mouse2,Region1,SA,-1562179344477.887
74,Mouse2,Region1,SA,-1774567148451.4294
75,Mouse2,Region1,Vol,-4660438.957381592
76,Mouse2,Region1,Vol,-20076728.095522787
77,Mouse2,Region1,Vol,-2975204.1938686487
78,Mouse2,Region1,Vol,18818995.5975172
79,Mouse2,Region1,Vol,-9598543.836706419
80,Mouse2,Region1,Vol,-4445092.193320373
81,Mouse2,Region1,Vol,15887134.781925723
82,Mouse2,Region1,Vol,-5588636.033907136
83,Mouse2,Region1,Vol,-18976105.074870422
84,Mouse2,Region1,Vol,-4170112.9417050052
85,Mouse2,Region1,Vol,-7601863.391553724
86,Mouse2,Region1,Vol,1799326.7160321623
87,Mouse2,Region1,Vol,7594154.125837307
88,Mouse2,Region1,Vol,-15004794.280140571
89,Mouse2,Region1,Vol,-18512965.310649388
90,Mouse2,Region1,SA/Vol,0.2749704713184262
91,Mouse2,Region1,SA/Vol,0.2770213240245058
92,Mouse2,Region1,SA/Vol,0.275956258877173
93,Mouse2,Region1,SA/Vol,0.2764688993554003
94,Mouse2,Region1,SA/Vol,0.2761190670555727
95,Mouse2,Region1,SA/Vol,0.2773022027745287
96,Mouse2,Region1,SA/Vol,0.275993028915782
97,Mouse2,Region1,SA/Vol,0.2769911228499769
98,Mouse2,Region1,SA/Vol,0.2771286297202112
99,Mouse2,Region1,SA/Vol,0.27622730694389974
100,Mouse2,Region1,SA/Vol,0.2768584579558911
101,Mouse2,Region1,SA/Vol,0.27487105122789757
102,Mouse2,Region1,SA/Vol,0.2776067541799787
103,Mouse2,Region1,SA/Vol,0.27688367482076487
104,Mouse2,Region1,SA/Vol,0.27595323287654616
105,Mouse2,Region1,FractalDim,2.394061789442054
106,Mouse2,Region1,FractalDim,2.394444008646898
107,Mouse2,Region1,FractalDim,2.393886945343962
108,Mouse2,Region1,FractalDim,2.392095280010482
109,Mouse2,Region1,FractalDim,2.39429140255139
110,Mouse2,Region1,FractalDim,2.393095506301894
111,Mouse2,Region1,FractalDim,2.393373989491602
112,Mouse2,Region1,FractalDim,2.3910271281093003
113,Mouse2,Region1,FractalDim,2.394283587247484
114,Mouse2,Region1,FractalDim,2.3926193572845067
115,Mouse2,Region1,FractalDim,2.3928022783318257
116,Mouse2,Region1,FractalDim,2.392147387055791
117,Mouse2,Region1,FractalDim,2.394228838706389
118,Mouse2,Region1,FractalDim,2.394207314213702
119,Mouse2,Region1,FractalDim,2.393631905635921
120,Mouse3,Region1,SA,-5796030568174.805
121,Mouse3,Region1,SA,15372526862640.98
122,Mouse3,Region1,SA,746988051666.6428
123,Mouse3,Region1,SA,13497043373586.586
124,Mouse3,Region1,SA,-8381090490639.255
125,Mouse3,Region1,SA,2337492348473.9917
126,Mouse3,Region1,SA,4805341508873.305
127,Mouse3,Region1,SA,16839337955623.895
128,Mouse3,Region1,SA,5612923304818.982
129,Mouse3,Region1,SA,-13101899823250.697
130,Mouse3,Region1,SA,-8698063225370.123
131,Mouse3,Region1,SA,23201418956681.848
132,Mouse3,Region1,SA,649035038572.353
133,Mouse3,Region1,SA,1298720234571.9282
134,Mouse3,Region1,SA,-8539691482336.157
135,Mouse3,Region1,Vol,9318416.744822461
136,Mouse3,Region1,Vol,-4199140.635684967
137,Mouse3,Region1,Vol,-4604966.206822228
138,Mouse3,Region1,Vol,-11238146.931570742
139,Mouse3,Region1,Vol,1893451.0082325428
140,Mouse3,Region1,Vol,6732580.507613234
141,Mouse3,Region1,Vol,-5453213.92233807
142,Mouse3,Region1,Vol,-2097032.521990112
143,Mouse3,Region1,Vol,-8513117.622381127
144,Mouse3,Region1,Vol,4544241.958130273
145,Mouse3,Region1,Vol,1577160.6887236596
146,Mouse3,Region1,Vol,723044.9012831099
147,Mouse3,Region1,Vol,-2349267.865856401
148,Mouse3,Region1,Vol,4746359.973405993
149,Mouse3,Region1,Vol,-6194142.26070076
150,Mouse3,Region1,SA/Vol,0.23224968720968883
151,Mouse3,Region1,SA/Vol,0.23267611345969985
152,Mouse3,Region1,SA/Vol,0.2320464097090846
153,Mouse3,Region1,SA/Vol,0.23221512651989332
154,Mouse3,Region1,SA/Vol,0.2322782196459649
155,Mouse3,Region1,SA/Vol,0.2326490995750555
156,Mouse3,Region1,SA/Vol,0.23256972444052088
157,Mouse3,Region1,SA/Vol,0.23353458828365475
158,Mouse3,Region1,SA/Vol,0.23215822803096642
159,Mouse3,Region1,SA/Vol,0.23107148298672917
160,Mouse3,Region1,SA/Vol,0.23327731832594864
161,Mouse3,Region1,SA/Vol,0.23438339327140237
162,Mouse3,Region1,SA/Vol,0.2329196533234403
163,Mouse3,Region1,SA/Vol,0.23236220602166538
164,Mouse3,Region1,SA/Vol,0.23254710966272182
165,Mouse3,Region1,FractalDim,2.403762143915741
166,Mouse3,Region1,FractalDim,2.4050687768988745
167,Mouse3,Region1,FractalDim,2.403839440818952
168,Mouse3,Region1,FractalDim,2.4029547955083363
169,Mouse3,Region1,FractalDim,2.4036215267488386
170,Mouse3,Region1,FractalDim,2.4045982457206403
171,Mouse3,Region1,FractalDim,2.4037636571751655
172,Mouse3,Region1,FractalDim,2.406096849020099
173,Mouse3,Region1,FractalDim,2.4040173206852073
174,Mouse3,Region1,FractalDim,2.404516780736948
175,Mouse3,Region1,FractalDim,2.4039697264462476
176,Mouse3,Region1,FractalDim,2.4041718226328954
177,Mouse3,Region1,FractalDim,2.4025438484266237
178,Mouse3,Region1,FractalDim,2.4040605959256562
179,Mouse3,Region1,FractalDim,2.4045338572474866
180,Mouse4,Region1,SA,-12036235934876.238
181,Mouse4,Region1,SA,11252132905179.12
182,Mouse4,Region1,SA,9126336325914.355
183,Mouse4,Region1,SA,14629963486670.3
184,Mouse4,Region1,SA,15160410569293.514
185,Mouse4,Region1,SA,15220459751664.86
186,Mouse4,Region1,SA,9048327185152.283
187,Mouse4,Region1,SA,-4670963604901.741
188,Mouse4,Region1,SA,-14263894450349.61
189,Mouse4,Region1,SA,13347310009337.713
190,Mouse4,Region1,SA,12919496785544.31
191,Mouse4,Region1,SA,-6132613307031.002
192,Mouse4,Region1,SA,-2510898596627.499
193,Mouse4,Region1,SA,2027672877762.6907
194,Mouse4,Region1,SA,522539752431.9818
195,Mouse4,Region1,Vol,-2439384.8758824747
196,Mouse4,Region1,Vol,-3266637.5015572477
197,Mouse4,Region1,Vol,-790549.3241553582
198,Mouse4,Region1,Vol,9534914.759769369
199,Mouse4,Region1,Vol,7271117.756830806
200,Mouse4,Region1,Vol,-20299500.968277268
201,Mouse4,Region1,Vol,-21825944.04594377
202,Mouse4,Region1,Vol,-651190.9246827867
203,Mouse4,Region1,Vol,14422554.27152259
204,Mouse4,Region1,Vol,-9441597.1596637
205,Mouse4,Region1,Vol,8632457.945945065
206,Mouse4,Region1,Vol,8914663.114075683
207,Mouse4,Region1,Vol,12314250.273564288
208,Mouse4,Region1,Vol,15482552.005228875
209,Mouse4,Region1,Vol,-8802268.672672806
210,Mouse4,Region1,SA/Vol,0.2989521534800877
211,Mouse4,Region1,SA/Vol,0.29874868289053613
212,Mouse4,Region1,SA/Vol,0.2991422585786421
213,Mouse4,Region1,SA/Vol,0.30038637808303426
214,Mouse4,Region1,SA/Vol,0.29920606983042014
215,Mouse4,Region1,SA/Vol,0.2989323020734198
216,Mouse4,Region1,SA/Vol,0.29897402044167093
217,Mouse4,Region1,SA/Vol,0.2994772512306947
218,Mouse4,Region1,SA/Vol,0.3001346795266853
219,Mouse4,Region1,SA/Vol,0.29903949985739303
220,Mouse4,Region1,SA/Vol,0.29860700605969626
221,Mouse4,Region1,SA/Vol,0.29881986319443893
222,Mouse4,Region1,SA/Vol,0.2998886079636554
223,Mouse4,Region1,SA/Vol,0.2986934317415517
224,Mouse4,Region1,SA/Vol,0.29979216694125277
225,Mouse4,Region1,FractalDim,2.1498922551038793
226,Mouse4,Region1,FractalDim,2.1502870155344143
227,Mouse4,Region1,FractalDim,2.1508579220891235
228,Mouse4,Region1,FractalDim,2.1513238848604757
229,Mouse4,Region1,FractalDim,2.15075033855507
230,Mouse4,Region1,FractalDim,2.1499611691545923
231,Mouse4,Region1,FractalDim,2.1500053899365015
232,Mouse4,Region1,FractalDim,2.151025589493915
233,Mouse4,Region1,FractalDim,2.1508522586019945
234,Mouse4,Region1,FractalDim,2.1505985969802612
235,Mouse4,Region1,FractalDim,2.1512190171519747
236,Mouse4,Region1,FractalDim,2.1502143588413403
237,Mouse4,Region1,FractalDim,2.1490327136089076
238,Mouse4,Region1,FractalDim,2.1508798905511326
239,Mouse4,Region1,FractalDim,2.1512259857800253
240,Mouse5,Region1,SA,7969517405150.583
241,Mouse5,Region1,SA,-780224023786.7079
242,Mouse5,Region1,SA,-2206443605557.432
243,Mouse5,Region1,SA,31995215100295.53
244,Mouse5,Region1,SA,6074170764764.055
245,Mouse5,Region1,SA,-12485864642081.994
246,Mouse5,Region1,SA,1237377598100.814
247,Mouse5,Region1,SA,-17012813949303.746
248,Mouse5,Region1,SA,-7284787378788.685
249,Mouse5,Region1,SA,-3078441492471.623
250,Mouse5,Region1,SA,-3531393758165.2324
251,Mouse5,Region1,SA,17153839656741.184
252,Mouse5,Region1,SA,-4943470876229.218
253,Mouse5,Region1,SA,14677894982555.264
254,Mouse5,Region1,SA,-27520998597535.504
255,Mouse5,Region1,Vol,15396146.39720663
256,Mouse5,Region1,Vol,-9987473.80002334
257,Mouse5,Region1,Vol,17138608.64681133
258,Mouse5,Region1,Vol,7998236.184336267
259,Mouse5,Region1,Vol,1438413.7210027254
260,Mouse5,Region1,Vol,-14416660.927987712
261,Mouse5,Region1,Vol,-12370222.730133902
262,Mouse5,Region1,Vol,20304577.673441764
263,Mouse5,Region1,Vol,-3128376.5982197346
264,Mouse5,Region1,Vol,10388821.873229638
265,Mouse5,Region1,Vol,-6627338.0624669455
266,Mouse5,Region1,Vol,10915768.043600107
267,Mouse5,Region1,Vol,2848334.904968755
268,Mouse5,Region1,Vol,-1252451.2613389853
269,Mouse5,Region1,Vol,-3475660.2097387486
270,Mouse5,Region1,SA/Vol,0.2519492511247155
271,Mouse5,Region1,SA/Vol,0.2517969907110148
272,Mouse5,Region1,SA/Vol,0.25299726419584095
273,Mouse5,Region1,SA/Vol,0.25130130784504146
274,Mouse5,Region1,SA/Vol,0.2530630557070771
275,Mouse5,Region1,SA/Vol,0.2515200181293786
276,Mouse5,Region1,SA/Vol,0.25202282805493803
277,Mouse5,Region1,SA/Vol,0.25068651687795085
278,Mouse5,Region1,SA/Vol,0.2533912338751288
279,Mouse5,Region1,SA/Vol,0.2519290392977904
280,Mouse5,Region1,SA/Vol,0.2512259357377291
281,Mouse5,Region1,SA/Vol,0.25191790661518687
282,Mouse5,Region1,SA/Vol,0.2514762709982389
283,Mouse5,Region1,SA/Vol,0.252994626469472
284,Mouse5,Region1,SA/Vol,0.251872328304624
285,Mouse5,Region1,FractalDim,2.4361008101415553
286,Mouse5,Region1,FractalDim,2.435516471442726
287,Mouse5,Region1,FractalDim,2.436708292775844
288,Mouse5,Region1,FractalDim,2.436687977547069
289,Mouse5,Region1,FractalDim,2.4359427092659085
290,Mouse5,Region1,FractalDim,2.4362440708169237
291,Mouse5,Region1,FractalDim,2.4365479697730796
292,Mouse5,Region1,FractalDim,2.4364818047907923
293,Mouse5,Region1,FractalDim,2.437151402466554
294,Mouse5,Region1,FractalDim,2.4362740745240155
295,Mouse5,Region1,FractalDim,2.4373724654244193
296,Mouse5,Region1,FractalDim,2.435990756969801
297,Mouse5,Region1,FractalDim,2.4361558127991203
298,Mouse5,Region1,FractalDim,2.4371755768665957
299,Mouse5,Region1,FractalDim,2.436966137614958
300,Mouse6,Region1,SA,1665212021171.6147
301,Mouse6,Region1,SA,-10898013873840.822
302,Mouse6,Region1,SA,8072541911950.014
303,Mouse6,Region1,SA,-10416500467460.277
304,Mouse6,Region1,SA,16810201897592.166
305,Mouse6,Region1,SA,-1599391899071.9011
306,Mouse6,Region1,SA,17319404268424.22
307,Mouse6,Region1,SA,121702816235.96664
308,Mouse6,Region1,SA,-8300866778129.3545
309,Mouse6,Region1,SA,1598689825499.6704
310,Mouse6,Region1,SA,23218177159765.492
311,Mouse6,Region1,SA,-4096303361000.771
312,Mouse6,Region1,SA,1944081818029.3098
313,Mouse6,Region1,SA,-10580707766162.506
314,Mouse6,Region1,SA,-6848389722974.588
315,Mouse6,Region1,Vol,-21519318.729415573
316,Mouse6,Region1,Vol,10217874.197858632
317,Mouse6,Region1,Vol,-5626538.52470263
318,Mouse6,Region1,Vol,-10175916.229021523
319,Mouse6,Region1,Vol,574516.1148230464
320,Mouse6,Region1,Vol,-11935745.86210681
321,Mouse6,Region1,Vol,-22758558.488596745
322,Mouse6,Region1,Vol,-19425898.46222823
323,Mouse6,Region1,Vol,10393049.6685952
324,Mouse6,Region1,Vol,-10115330.570027577
325,Mouse6,Region1,Vol,4836374.880578856
326,Mouse6,Region1,Vol,16603250.768038778
327,Mouse6,Region1,Vol,-6916345.544134078
328,Mouse6,Region1,Vol,-2307390.466035687
329,Mouse6,Region1,Vol,-15247018.945853394
330,Mouse6,Region1,SA/Vol,0.2900177526536279
331,Mouse6,Region1,SA/Vol,0.28803780923693295
332,Mouse6,Region1,SA/Vol,0.28857878274658055
333,Mouse6,Region1,SA/Vol,0.28888356600406134
334,Mouse6,Region1,SA/Vol,0.2887881774158923
335,Mouse6,Region1,SA/Vol,0.289461368630072
336,Mouse6,Region1,SA/Vol,0.2876549717974879
337,Mouse6,Region1,SA/Vol,0.2878565026884234
338,Mouse6,Region1,SA/Vol,0.28970834957807545
339,Mouse6,Region1,SA/Vol,0.2891261496567423
340,Mouse6,Region1,SA/Vol,0.28804660182591496
341,Mouse6,Region1,SA/Vol,0.2874694915987615
342,Mouse6,Region1,SA/Vol,0.28850886514888696
343,Mouse6,Region1,SA/Vol,0.2890246326561589
344,Mouse6,Region1,SA/Vol,0.2889789283075035
345,Mouse6,Region1,FractalDim,2.0245332489474257
346,Mouse6,Region1,FractalDim,2.0256445369945433
347,Mouse6,Region1,FractalDim,2.024346033976452
348,Mouse6,Region1,FractalDim,2.0221493938913837
349,Mouse6,Region1,FractalDim,2.024696599550431
350,Mouse6,Region1,FractalDim,2.0252413460760064
351,Mouse6,Region1,FractalDim,2.0259769040823357
352,Mouse6,Region1,FractalDim,2.025210614479874
353,Mouse6,Region1,FractalDim,2.024156559046623
354,Mouse6,Region1,FractalDim,2.0242562009773564
355,Mouse6,Region1,FractalDim,2.0238587268145207
356,Mouse6,Region1,FractalDim,2.0246300366286847
357,Mouse6,Region1,FractalDim,2.0238220326809855
358,Mouse6,Region1,FractalDim,2.0246037994383297
359,Mouse6,Region1,FractalDim,2.0256931292244595
360,Mouse7,Region1,SA,-13246123886917.14
361,Mouse7,Region1,SA,-3629321195538.907
362,Mouse7,Region1,SA,-2412761228525.6934
363,Mouse7,Region1,SA,1609887593276.494
364,Mouse7,Region1,SA,14514616653576.24
365,Mouse7,Region1,SA,-5147995161770.892
366,Mouse7,Region1,SA,2472790191035.4766
367,Mouse7,Region1,SA,-1510439199694.961
368,Mouse7,Region1,SA,-1658523246223.56
369,Mouse7,Region1,SA,914294487881.1519
370,Mouse7,Region1,SA,12936917685742.195
371,Mouse7,Region1,SA,5798386499150.393
372,Mouse7,Region1,SA,-5896313452750.612
373,Mouse7,Region1,SA,-2481767914429.8037
374,Mouse7,Region1,SA,-27060375337807.613
375,Mouse7,Region1,Vol,10202744.381043224
376,Mouse7,Region1,Vol,4001853.9332903815
377,Mouse7,Region1,Vol,-12315049.701990206
378,Mouse7,Region1,Vol,-18550270.591431797
379,Mouse7,Region1,Vol,29485891.263283595
380,Mouse7,Region1,Vol,-6251270.916265862
381,Mouse7,Region1,Vol,-11409283.371994618
382,Mouse7,Region1,Vol,-7117921.040101249
383,Mouse7,Region1,Vol,1712866.9347913726
384,Mouse7,Region1,Vol,-701805.9723173461
385,Mouse7,Region1,Vol,17763861.939090393
386,Mouse7,Region1,Vol,7314663.417380609
387,Mouse7,Region1,Vol,-7865435.809623329
388,Mouse7,Region1,Vol,9460308.478613596
389,Mouse7,Region1,Vol,-6213585.808005626
390,Mouse7,Region1,SA/Vol,0.24264901582760717
391,Mouse7,Region1,SA/Vol,0.24240690565336695
392,Mouse7,Region1,SA/Vol,0.24087923055730945
393,Mouse7,Region1,SA/Vol,0.24072654581421382
394,Mouse7,Region1,SA/Vol,0.2423403253004071
395,Mouse7,Region1,SA/Vol,0.2415777811409627
396,Mouse7,Region1,SA/Vol,0.24150824438324228
397,Mouse7,Region1,SA/Vol,0.24221340521283422
398,Mouse7,Region1,SA/Vol,0.24233781049309291
399,Mouse7,Region1,SA/Vol,0.24259996091916006
400,Mouse7,Region1,SA/Vol,0.24087300325215433
401,Mouse7,Region1,SA/Vol,0.24223561280018444
402,Mouse7,Region1,SA/Vol,0.24262350981634245
403,Mouse7,Region1,SA/Vol,0.2399834320588407
404,Mouse7,Region1,SA/Vol,0.2424450281968519
405,Mouse7,Region1,FractalDim,2.5407131078246645
406,Mouse7,Region1,FractalDim,2.54210295771513
407,Mouse7,Region1,FractalDim,2.540455501444661
408,Mouse7,Region1,FractalDim,2.5409282427822273
409,Mouse7,Region1,FractalDim,2.540509879571739
410,Mouse7,Region1,FractalDim,2.5409770346763105
411,Mouse7,Region1,FractalDim,2.5418453205154212
412,Mouse7,Region1,FractalDim,2.5414193645086933
413,Mouse7,Region1,FractalDim,2.542652187129493
414,Mouse7,Region1,FractalDim,2.5414919328510694
415,Mouse7,Region1,FractalDim,2.5413582238305787
416,Mouse7,Region1,FractalDim,2.542122575707249
417,Mouse7,Region1,FractalDim,2.5431972557968807
418,Mouse7,Region1,FractalDim,2.5416295304133905
419,Mouse7,Region1,FractalDim,2.542740662036418
420,Mouse8,Region1,SA,1915985071583.0376
421,Mouse8,Region1,SA,6503749888249.569
422,Mouse8,Region1,SA,16278958990476.094
423,Mouse8,Region1,SA,5490047072655.126
424,Mouse8,Region1,SA,-22169537685568.652
425,Mouse8,Region1,SA,28427458478474.88
426,Mouse8,Region1,SA,303525532814.187
427,Mouse8,Region1,SA,-4325295452367.852
428,Mouse8,Region1,SA,-18503718561551.71
429,Mouse8,Region1,SA,6605291797532.162
430,Mouse8,Region1,SA,-1030944919041.5387
431,Mouse8,Region1,SA,12927327454393.924
432,Mouse8,Region1,SA,3592495829714.1553
433,Mouse8,Region1,SA,3964330709567.8364
434,Mouse8,Region1,SA,-12575286905488.215
435,Mouse8,Region1,Vol,-6273221.673253032
436,Mouse8,Region1,Vol,-23504681.09314582
437,Mouse8,Region1,Vol,-24096406.772139326
438,Mouse8,Region1,Vol,3319196.105611851
439,Mouse8,Region1,Vol,-608021.4267544833
440,Mouse8,Region1,Vol,-12176544.66393134
441,Mouse8,Region1,Vol,10567128.53113899
442,Mouse8,Region1,Vol,-1832608.445332625
443,Mouse8,Region1,Vol,5683603.82550223
444,Mouse8,Region1,Vol,2952164.9456803305
445,Mouse8,Region1,Vol,-5160030.052171837
446,Mouse8,Region1,Vol,1839572.5752880967
447,Mouse8,Region1,Vol,-4432328.689722804
448,Mouse8,Region1,Vol,6721078.418407763
449,Mouse8,Region1,Vol,6573064.588558832
450,Mouse8,Region1,SA/Vol,0.2366076763395108
451,Mouse8,Region1,SA/Vol,0.23627982065988382
452,Mouse8,Region1,SA/Vol,0.23678116853981837
453,Mouse8,Region1,SA/Vol,0.2376463438864232
454,Mouse8,Region1,SA/Vol,0.23625799842308834
455,Mouse8,Region1,SA/Vol,0.2376997841029477
456,Mouse8,Region1,SA/Vol,0.23691907479958524
457,Mouse8,Region1,SA/Vol,0.23634799428070247
458,Mouse8,Region1,SA/Vol,0.23583359209263288
459,Mouse8,Region1,SA/Vol,0.236534784637576
460,Mouse8,Region1,SA/Vol,0.23659279545523793
461,Mouse8,Region1,SA/Vol,0.23718093543387148
462,Mouse8,Region1,SA/Vol,0.23688270509979167
463,Mouse8,Region1,SA/Vol,0.2353688372000103
464,Mouse8,Region1,SA/Vol,0.2369203995185754
465,Mouse8,Region1,FractalDim,2.7879033470715457
466,Mouse8,Region1,FractalDim,2.787038873411872
467,Mouse8,Region1,FractalDim,2.787063067940362
468,Mouse8,Region1,FractalDim,2.785752124719339
469,Mouse8,Region1,FractalDim,2.787218005979697
470,Mouse8,Region1,FractalDim,2.787317366411755
471,Mouse8,Region1,FractalDim,2.786859893080794
472,Mouse8,Region1,FractalDim,2.787169283763163
473,Mouse8,Region1,FractalDim,2.787334529973341
474,Mouse8,Region1,FractalDim,2.7872908481935093
475,Mouse8,Region1,FractalDim,2.787961414817395
476,Mouse8,Region1,FractalDim,2.7885212196018485
477,Mouse8,Region1,FractalDim,2.788113462006636
478,Mouse8,Region1,FractalDim,2.789537822625215
479,Mouse8,Region1,FractalDim,2.7878323188128253
480,Mouse1,Region2,SA,15565038.043324985
481,Mouse1,Region2,SA,10664638.168851748
482,Mouse1,Region2,SA,11515299.813587971
483,Mouse1,Region2,SA,8745024.149870645
484,Mouse1,Region2,SA,15127330.504613223
485,Mouse1,Region2,SA,24784522.79729666
486,Mouse1,Region2,SA,15469892.673232224
487,Mouse1,Region2,SA,15823522.050700134
488,Mouse1,Region2,SA,17727630.198713828
489,Mouse1,Region2,SA,13817327.937848285
490,Mouse1,Region2,SA,14198888.320117036
491,Mouse1,Region2,SA,17454823.58766584
492,Mouse1,Region2,SA,14587025.63035056
493,Mouse1,Region2,SA,18508114.140578527
494,Mouse1,Region2,SA,18306474.55768024
495,Mouse1,Region2,Vol,13448.176011236634
496,Mouse1,Region2,Vol,11314.048688119743
497,Mouse1,Region2,Vol,16447.109206713507
498,Mouse1,Region2,Vol,20099.828587007505
499,Mouse1,Region2,Vol,11534.570410681412
500,Mouse1,Region2,Vol,18609.322773138032
501,Mouse1,Region2,Vol,16705.20270342775
502,Mouse1,Region2,Vol,13854.392518010443
503,Mouse1,Region2,Vol,12672.572059164151
504,Mouse1,Region2,Vol,15241.56333299137
505,Mouse1,Region2,Vol,16818.633125606222
506,Mouse1,Region2,Vol,5555.087116099414
507,Mouse1,Region2,Vol,19687.665547342094
508,Mouse1,Region2,Vol,15990.980491840011
509,Mouse1,Region2,Vol,15466.021864761646
510,Mouse1,Region2,SA/Vol,0.33577444561468317
511,Mouse1,Region2,SA/Vol,0.33392259316512307
512,Mouse1,Region2,SA/Vol,0.3051000382813127
513,Mouse1,Region2,SA/Vol,0.30884710046444624
514,Mouse1,Region2,SA/Vol,0.38720247763170224
515,Mouse1,Region2,SA/Vol,0.3106611850762246
516,Mouse1,Region2,SA/Vol,0.3914536904625404
517,Mouse1,Region2,SA/Vol,0.2835520112572529
518,Mouse1,Region2,SA/Vol,0.36556708484714506
519,Mouse1,Region2,SA/Vol,0.30872972242601243
520,Mouse1,Region2,SA/Vol,0.25502780020045934
521,Mouse1,Region2,SA/Vol,0.291479907081338
522,Mouse1,Region2,SA/Vol,0.2686090567499037
523,Mouse1,Region2,SA/Vol,0.2733289045708443
524,Mouse1,Region2,SA/Vol,0.31982055838970824
525,Mouse1,Region2,FractalDim,2.8168180474240305
526,Mouse1,Region2,FractalDim,2.862314495187123
527,Mouse1,Region2,FractalDim,2.8018466341736996
528,Mouse1,Region2,FractalDim,2.767395158504886
529,Mouse1,Region2,FractalDim,2.8449788318453897
530,Mouse1,Region2,FractalDim,2.805218213840124
531,Mouse1,Region2,FractalDim,2.813775175444101
532,Mouse1,Region2,FractalDim,2.871682877751309
533,Mouse1,Region2,FractalDim,2.8487710994148556
534,Mouse1,Region2,FractalDim,2.7514941337363696
535,Mouse1,Region2,FractalDim,2.83107576152821
536,Mouse1,Region2,FractalDim,2.8398275967911624
537,Mouse1,Region2,FractalDim,2.7186034070472473
538,Mouse1,Region2,FractalDim,2.8820765212144854
539,Mouse1,Region2,FractalDim,2.7982410566055607
540,Mouse2,Region2,SA,7705317.75991086
541,Mouse2,Region2,SA,4338270.89023645
542,Mouse2,Region2,SA,11128978.055496687
543,Mouse2,Region2,SA,13044232.801001444
544,Mouse2,Region2,SA,9853944.873652022
545,Mouse2,Region2,SA,14027991.242581032
546,Mouse2,Region2,SA,14602580.293622859
547,Mouse2,Region2,SA,10896469.398472652
548,Mouse2,Region2,SA,12826938.577104982
549,Mouse2,Region2,SA,15720828.77997773
550,Mouse2,Region2,SA,22836467.64087364
551,Mouse2,Region2,SA,13747227.591263203
552,Mouse2,Region2,SA,6914238.438378379
553,Mouse2,Region2,SA,13315709.239613345
554,Mouse2,Region2,SA,21795665.13078805
555,Mouse2,Region2,Vol,16532.711989146832
556,Mouse2,Region2,Vol,13126.585176226143
557,Mouse2,Region2,Vol,16570.130723378144
558,Mouse2,Region2,Vol,25524.46268006756
559,Mouse2,Region2,Vol,14177.141222998862
560,Mouse2,Region2,Vol,15663.982112121943
561,Mouse2,Region2,Vol,24769.110593724054
562,Mouse2,Region2,Vol,16405.340075243577
563,Mouse2,Region2,Vol,17082.721703542866
564,Mouse2,Region2,Vol,17704.514183282317
565,Mouse2,Region2,Vol,16558.039159614054
566,Mouse2,Region2,Vol,19414.853249256914
567,Mouse2,Region2,Vol,14427.829733150971
568,Mouse2,Region2,Vol,20011.48633506565
569,Mouse2,Region2,Vol,19560.487633338656
570,Mouse2,Region2,SA/Vol,0.2824670114368015
571,Mouse2,Region2,SA/Vol,0.3487105566313686
572,Mouse2,Region2,SA/Vol,0.2794462043308907
573,Mouse2,Region2,SA/Vol,0.2790425800800981
574,Mouse2,Region2,SA/Vol,0.30549538689086997
575,Mouse2,Region2,SA/Vol,0.24150054562483592
576,Mouse2,Region2,SA/Vol,0.26691056293147347
577,Mouse2,Region2,SA/Vol,0.3445031814028826
578,Mouse2,Region2,SA/Vol,0.26334850408281923
579,Mouse2,Region2,SA/Vol,0.3281927321022761
580,Mouse2,Region2,SA/Vol,0.31603120237550003
581,Mouse2,Region2,SA/Vol,0.3418505401098828
582,Mouse2,Region2,SA/Vol,0.3057657860103051
583,Mouse2,Region2,SA/Vol,0.3039958259818268
584,Mouse2,Region2,SA/Vol,0.31311043459117
585,Mouse2,Region2,FractalDim,2.681668221951229
586,Mouse2,Region2,FractalDim,2.722319932271677
587,Mouse2,Region2,FractalDim,2.724894716230609
588,Mouse2,Region2,FractalDim,2.713488743342753
589,Mouse2,Region2,FractalDim,2.6865067202064536
590,Mouse2,Region2,FractalDim,2.7566900323234487
591,Mouse2,Region2,FractalDim,2.756948582462764
592,Mouse2,Region2,FractalDim,2.7021583124232147
593,Mouse2,Region2,FractalDim,2.6898120186346186
594,Mouse2,Region2,FractalDim,2.7144100346590583
595,Mouse2,Region2,FractalDim,2.733161045589537
596,Mouse2,Region2,FractalDim,2.6899253548387008
597,Mouse2,Region2,FractalDim,2.7980416720655046
598,Mouse2,Region2,FractalDim,2.7401512320755375
599,Mouse2,Region2,FractalDim,2.720459560880341
600,Mouse3,Region2,SA,7327607.0888297735
601,Mouse3,Region2,SA,14262585.240717744
602,Mouse3,Region2,SA,11348401.905873504
603,Mouse3,Region2,SA,12976416.366891922
604,Mouse3,Region2,SA,17427159.61692304
605,Mouse3,Region2,SA,17340511.85251387
606,Mouse3,Region2,SA,9409000.48646642
607,Mouse3,Region2,SA,12599060.096109299
608,Mouse3,Region2,SA,21505072.13202416
609,Mouse3,Region2,SA,16681439.780720416
610,Mouse3,Region2,SA,9440298.02923576
611,Mouse3,Region2,SA,16065269.234197387
612,Mouse3,Region2,SA,16669819.742981179
613,Mouse3,Region2,SA,14697441.331313677
614,Mouse3,Region2,SA,19327822.009187058
615,Mouse3,Region2,Vol,3842.408846858254
616,Mouse3,Region2,Vol,13953.706891479222
617,Mouse3,Region2,Vol,16418.261256815622
618,Mouse3,Region2,Vol,13418.257643228986
619,Mouse3,Region2,Vol,14285.069879960065
620,Mouse3,Region2,Vol,17154.50345480373
621,Mouse3,Region2,Vol,13557.825793769687
622,Mouse3,Region2,Vol,14222.482371861357
623,Mouse3,Region2,Vol,9590.454969161514
624,Mouse3,Region2,Vol,16813.17478561543
625,Mouse3,Region2,Vol,18684.016452078296
626,Mouse3,Region2,Vol,15561.167131852408
627,Mouse3,Region2,Vol,23445.51064532383
628,Mouse3,Region2,Vol,12809.867279303653
629,Mouse3,Region2,Vol,24006.373372454604
630,Mouse3,Region2,SA/Vol,0.3037410713649351
631,Mouse3,Region2,SA/Vol,0.318704617337718
632,Mouse3,Region2,SA/Vol,0.32307136180324564
633,Mouse3,Region2,SA/Vol,0.3469355830969608
634,Mouse3,Region2,SA/Vol,0.3191478287740423
635,Mouse3,Region2,SA/Vol,0.30255155896929237
636,Mouse3,Region2,SA/Vol,0.3026384976493133
637,Mouse3,Region2,SA/Vol,0.2827033598753635
638,Mouse3,Region2,SA/Vol,0.2867492828101866
639,Mouse3,Region2,SA/Vol,0.3069630395999819
640,Mouse3,Region2,SA/Vol,0.2509587458741432
641,Mouse3,Region2,SA/Vol,0.3027356115155056
642,Mouse3,Region2,SA/Vol,0.2626508433161932
643,Mouse3,Region2,SA/Vol,0.3626323043387113
644,Mouse3,Region2,SA/Vol,0.3189065855618294
645,Mouse3,Region2,FractalDim,2.3438641056807907
646,Mouse3,Region2,FractalDim,2.3289379372502284
647,Mouse3,Region2,FractalDim,2.3309677620138785
648,Mouse3,Region2,FractalDim,2.345108355178857
649,Mouse3,Region2,FractalDim,2.4006697405190764
650,Mouse3,Region2,FractalDim,2.3797448211187375
651,Mouse3,Region2,FractalDim,2.2767288005960378
652,Mouse3,Region2,FractalDim,2.296931191159055
653,Mouse3,Region2,FractalDim,2.3707946293301405
654,Mouse3,Region2,FractalDim,2.296430239894781
655,Mouse3,Region2,FractalDim,2.357065558073328
656,Mouse3,Region2,FractalDim,2.3872774501209486
657,Mouse3,Region2,FractalDim,2.352085943089157
658,Mouse3,Region2,FractalDim,2.338324233933926
659,Mouse3,Region2,FractalDim,2.351929318670675
660,Mouse4,Region2,SA,18898727.71139135
661,Mouse4,Region2,SA,11326037.526587702
662,Mouse4,Region2,SA,6432273.973440044
663,Mouse4,Region2,SA,13785594.594009995
664,Mouse4,Region2,SA,9834408.055603499
665,Mouse4,Region2,SA,14801580.971194806
666,Mouse4,Region2,SA,16156622.249081422
667,Mouse4,Region2,SA,10219619.117871378
668,Mouse4,Region2,SA,8305605.487191799
669,Mouse4,Region2,SA,17308030.32777229
670,Mouse4,Region2,SA,16464374.482601954
671,Mouse4,Region2,SA,7641758.965515226
672,Mouse4,Region2,SA,17262106.38446478
673,Mouse4,Region2,SA,12457692.236884378
674,Mouse4,Region2,SA,8827743.454167986
675,Mouse4,Region2,Vol,9139.90142990463
676,Mouse4,Region2,Vol,17658.261920175148
677,Mouse4,Region2,Vol,19291.383409311064
678,Mouse4,Region2,Vol,16595.28619382897
679,Mouse4,Region2,Vol,15491.35184790432
680,Mouse4,Region2,Vol,12156.080828463691
681,Mouse4,Region2,Vol,15475.708292226826
682,Mouse4,Region2,Vol,18703.90495976667
683,Mouse4,Region2,Vol,19341.22998510905
684,Mouse4,Region2,Vol,14575.74302792819
685,Mouse4,Region2,Vol,13038.762198732187
686,Mouse4,Region2,Vol,9480.283840565688
687,Mouse4,Region2,Vol,16362.975925007842
688,Mouse4,Region2,Vol,21500.178125420294
689,Mouse4,Region2,Vol,17702.595638335348
690,Mouse4,Region2,SA/Vol,0.293491018170942
691,Mouse4,Region2,SA/Vol,0.31375574659495054
692,Mouse4,Region2,SA/Vol,0.2800854530947396
693,Mouse4,Region2,SA/Vol,0.37199464814273003
694,Mouse4,Region2,SA/Vol,0.29420483099501976
695,Mouse4,Region2,SA/Vol,0.3073914127257728
696,Mouse4,Region2,SA/Vol,0.2793509687492342
697,Mouse4,Region2,SA/Vol,0.2689836426847594
698,Mouse4,Region2,SA/Vol,0.25927053104332204
699,Mouse4,Region2,SA/Vol,0.3638387075553902
700,Mouse4,Region2,SA/Vol,0.34066534890138844
701,Mouse4,Region2,SA/Vol,0.3047330904456373
702,Mouse4,Region2,SA/Vol,0.35671542029118725
703,Mouse4,Region2,SA/Vol,0.3272928597470785
704,Mouse4,Region2,SA/Vol,0.3235623350273526
705,Mouse4,Region2,FractalDim,2.881602196738829
706,Mouse4,Region2,FractalDim,2.84029943946531
707,Mouse4,Region2,FractalDim,2.848065471129103
708,Mouse4,Region2,FractalDim,2.850936624279558
709,Mouse4,Region2,FractalDim,2.895493192060261
710,Mouse4,Region2,FractalDim,2.900184037637235
711,Mouse4,Region2,FractalDim,2.907278151372896
712,Mouse4,Region2,FractalDim,2.8941734751548345
713,Mouse4,Region2,FractalDim,2.8392432004833354
714,Mouse4,Region2,FractalDim,2.8959185034264046
715,Mouse4,Region2,FractalDim,2.8992272377019055
716,Mouse4,Region2,FractalDim,2.8848982102798613
717,Mouse4,Region2,FractalDim,2.857050919919379
718,Mouse4,Region2,FractalDim,2.8665807117811166
719,Mouse4,Region2,FractalDim,2.874896798158543
720,Mouse5,Region2,SA,18097601.201203864
721,Mouse5,Region2,SA,20787187.067642536
722,Mouse5,Region2,SA,19290286.325624317
723,Mouse5,Region2,SA,16694835.845987206
724,Mouse5,Region2,SA,9003668.952434389
725,Mouse5,Region2,SA,14729631.856533054
726,Mouse5,Region2,SA,13912361.391790686
727,Mouse5,Region2,SA,11466326.089933528
728,Mouse5,Region2,SA,11746320.486004263
729,Mouse5,Region2,SA,15235973.32369016
730,Mouse5,Region2,SA,9742597.740502028
731,Mouse5,Region2,SA,20206332.02498759
732,Mouse5,Region2,SA,18254386.018700592
733,Mouse5,Region2,SA,17782509.1031715
734,Mouse5,Region2,SA,11163459.107413353
735,Mouse5,Region2,Vol,22371.35625010584
736,Mouse5,Region2,Vol,21150.90565492419
737,Mouse5,Region2,Vol,22329.259050125416
738,Mouse5,Region2,Vol,14080.323020761103
739,Mouse5,Region2,Vol,16558.06964099268
740,Mouse5,Region2,Vol,22916.304331887826
741,Mouse5,Region2,Vol,18071.328232787484
742,Mouse5,Region2,Vol,17590.06859280868
743,Mouse5,Region2,Vol,23224.435706064553
744,Mouse5,Region2,Vol,14043.36127447301
745,Mouse5,Region2,Vol,25057.558283034017
746,Mouse5,Region2,Vol,30764.475041875117
747,Mouse5,Region2,Vol,13904.344907890227
748,Mouse5,Region2,Vol,20343.37775769534
749,Mouse5,Region2,Vol,16168.395380192303
750,Mouse5,Region2,SA/Vol,0.29521010373208684
751,Mouse5,Region2,SA/Vol,0.20992005818893555
752,Mouse5,Region2,SA/Vol,0.2472578325188448
753,Mouse5,Region2,SA/Vol,0.26976309695660294
754,Mouse5,Region2,SA/Vol,0.21505811143228346
755,Mouse5,Region2,SA/Vol,0.23506283150030777
756,Mouse5,Region2,SA/Vol,0.3528748415735643
757,Mouse5,Region2,SA/Vol,0.36651568749210495
758,Mouse5,Region2,SA/Vol,0.26960020440653704
759,Mouse5,Region2,SA/Vol,0.2897056114282543
760,Mouse5,Region2,SA/Vol,0.24279054635443256
761,Mouse5,Region2,SA/Vol,0.3246419468888069
762,Mouse5,Region2,SA/Vol,0.28644809876048544
763,Mouse5,Region2,SA/Vol,0.3215511934361852
764,Mouse5,Region2,SA/Vol,0.2491318157912293
765,Mouse5,Region2,FractalDim,3.23418812963655
766,Mouse5,Region2,FractalDim,3.1918885975169875
767,Mouse5,Region2,FractalDim,3.197145212470533
768,Mouse5,Region2,FractalDim,3.097252728768074
769,Mouse5,Region2,FractalDim,3.182941037465905
770,Mouse5,Region2,FractalDim,3.185188468155089
771,Mouse5,Region2,FractalDim,3.136585434679841
772,Mouse5,Region2,FractalDim,3.1605640269705226
773,Mouse5,Region2,FractalDim,3.2180707112916123
774,Mouse5,Region2,FractalDim,3.248129813419686
775,Mouse5,Region2,FractalDim,3.2010354576487035
776,Mouse5,Region2,FractalDim,3.18608799357372
777,Mouse5,Region2,FractalDim,3.1769220681857124
778,Mouse5,Region2,FractalDim,3.15592648255317
779,Mouse5,Region2,FractalDim,3.224300504403254
780,Mouse6,Region2,SA,20251358.429074038
781,Mouse6,Region2,SA,11963848.147003349
782,Mouse6,Region2,SA,19943736.922896743
783,Mouse6,Region2,SA,20731357.47989946
784,Mouse6,Region2,SA,16460073.375997905
785,Mouse6,Region2,SA,18071725.462921515
786,Mouse6,Region2,SA,15457922.055661494
787,Mouse6,Region2,SA,12607778.735727202
788,Mouse6,Region2,SA,18248768.145217933
789,Mouse6,Region2,SA,14820730.023575332
790,Mouse6,Region2,SA,15097343.612381764
791,Mouse6,Region2,SA,14970054.236827822
792,Mouse6,Region2,SA,18762928.249900486
793,Mouse6,Region2,SA,20440793.02033107
794,Mouse6,Region2,SA,15913278.256071271
795,Mouse6,Region2,Vol,10504.830524303736
796,Mouse6,Region2,Vol,10822.083041943919
797,Mouse6,Region2,Vol,8219.104378333235
798,Mouse6,Region2,Vol,11176.581124284514
799,Mouse6,Region2,Vol,13968.168273904803
800,Mouse6,Region2,Vol,12898.58864426779
801,Mouse6,Region2,Vol,11957.623873867891
802,Mouse6,Region2,Vol,13857.263749425878
803,Mouse6,Region2,Vol,11342.558145957995
804,Mouse6,Region2,Vol,10055.565821184471
805,Mouse6,Region2,Vol,16088.203937805449
806,Mouse6,Region2,Vol,9633.278382372217
807,Mouse6,Region2,Vol,11809.7471152498
808,Mouse6,Region2,Vol,10614.603119891599
809,Mouse6,Region2,Vol,15516.210796655818
810,Mouse6,Region2,SA/Vol,0.29845768288038393
811,Mouse6,Region2,SA/Vol,0.30257978513727973
812,Mouse6,Region2,SA/Vol,0.270529253504486
813,Mouse6,Region2,SA/Vol,0.3499148054530463
814,Mouse6,Region2,SA/Vol,0.31803418967033387
815,Mouse6,Region2,SA/Vol,0.32418943835411335
816,Mouse6,Region2,SA/Vol,0.3425616189437391
817,Mouse6,Region2,SA/Vol,0.33615780773130616
818,Mouse6,Region2,SA/Vol,0.32361642470502205
819,Mouse6,Region2,SA/Vol,0.36467074470741656
820,Mouse6,Region2,SA/Vol,0.3119391791820169
821,Mouse6,Region2,SA/Vol,0.41272270537053246
822,Mouse6,Region2,SA/Vol,0.39652749837619533
823,Mouse6,Region2,SA/Vol,0.2967287078366749
824,Mouse6,Region2,SA/Vol,0.36409150101737975
825,Mouse6,Region2,FractalDim,2.933481311215627
826,Mouse6,Region2,FractalDim,3.0164671571256023
827,Mouse6,Region2,FractalDim,2.9534701493284348
828,Mouse6,Region2,FractalDim,3.06457156075912
829,Mouse6,Region2,FractalDim,2.9276724036745216
830,Mouse6,Region2,FractalDim,2.9496353694977233
831,Mouse6,Region2,FractalDim,2.945707883978636
832,Mouse6,Region2,FractalDim,2.96104347217918
833,Mouse6,Region2,FractalDim,3.0143953867988236
834,Mouse6,Region2,FractalDim,3.0067371134285428
835,Mouse6,Region2,FractalDim,2.985261669445638
836,Mouse6,Region2,FractalDim,2.9886058014867127
837,Mouse6,Region2,FractalDim,2.9305548714194507
838,Mouse6,Region2,FractalDim,2.9827854139355394
839,Mouse6,Region2,FractalDim,2.863276192315021
840,Mouse7,Region2,SA,11364467.357381666
841,Mouse7,Region2,SA,4262417.578214921
842,Mouse7,Region2,SA,7428592.733507559
843,Mouse7,Region2,SA,18005318.77115868
844,Mouse7,Region2,SA,13672264.56822846
845,Mouse7,Region2,SA,12364999.485707324
846,Mouse7,Region2,SA,13891689.705028253
847,Mouse7,Region2,SA,16226140.104978386
848,Mouse7,Region2,SA,7399450.54829177
849,Mouse7,Region2,SA,8100502.093713665
850,Mouse7,Region2,SA,6272658.762449143
851,Mouse7,Region2,SA,14368532.585913908
852,Mouse7,Region2,SA,19906392.718313806
853,Mouse7,Region2,SA,18657559.318062246
854,Mouse7,Region2,SA,11975426.381769115
855,Mouse7,Region2,Vol,18619.3486529879
856,Mouse7,Region2,Vol,18505.66972328478
857,Mouse7,Region2,Vol,19322.654068324842
858,Mouse7,Region2,Vol,17598.35449211837
859,Mouse7,Region2,Vol,13727.561215433252
860,Mouse7,Region2,Vol,21466.777094116078
861,Mouse7,Region2,Vol,20939.306297338306
862,Mouse7,Region2,Vol,17213.48885026602
863,Mouse7,Region2,Vol,13130.529291909872
864,Mouse7,Region2,Vol,16878.901068339987
865,Mouse7,Region2,Vol,20935.652184081213
866,Mouse7,Region2,Vol,18921.389980979973
867,Mouse7,Region2,Vol,17409.97162840489
868,Mouse7,Region2,Vol,18823.005644330548
869,Mouse7,Region2,Vol,15774.646457353705
870,Mouse7,Region2,SA/Vol,0.21011123141437268
871,Mouse7,Region2,SA/Vol,0.23561216118810713
872,Mouse7,Region2,SA/Vol,0.24971937564405378
873,Mouse7,Region2,SA/Vol,0.27154648051202335
874,Mouse7,Region2,SA/Vol,0.3061824652961582
875,Mouse7,Region2,SA/Vol,0.2240931277399208
876,Mouse7,Region2,SA/Vol,0.16848211918479547
877,Mouse7,Region2,SA/Vol,0.23714841723547933
878,Mouse7,Region2,SA/Vol,0.24457260197857747
879,Mouse7,Region2,SA/Vol,0.20046783251866657
880,Mouse7,Region2,SA/Vol,0.28267849337405687
881,Mouse7,Region2,SA/Vol,0.3145397431040419
882,Mouse7,Region2,SA/Vol,0.22653747530559662
883,Mouse7,Region2,SA/Vol,0.21439938417830645
884,Mouse7,Region2,SA/Vol,0.2900413636182484
885,Mouse7,Region2,FractalDim,2.5317251873480733
886,Mouse7,Region2,FractalDim,2.5863096414813795
887,Mouse7,Region2,FractalDim,2.592014096283036
888,Mouse7,Region2,FractalDim,2.5180088526771405
889,Mouse7,Region2,FractalDim,2.5780506976069666
890,Mouse7,Region2,FractalDim,2.5321179743906272
891,Mouse7,Region2,FractalDim,2.538759006630228
892,Mouse7,Region2,FractalDim,2.5471754653048215
893,Mouse7,Region2,FractalDim,2.561904556194917
894,Mouse7,Region2,FractalDim,2.512747177498771
895,Mouse7,Region2,FractalDim,2.4906368689460403
896,Mouse7,Region2,FractalDim,2.5539477262918604
897,Mouse7,Region2,FractalDim,2.5678654440990067
898,Mouse7,Region2,FractalDim,2.5410403444594762
899,Mouse7,Region2,FractalDim,2.5754865609981805
900,Mouse8,Region2,SA,11107689.069965258
901,Mouse8,Region2,SA,9760913.645553483
902,Mouse8,Region2,SA,15976533.089241305
903,Mouse8,Region2,SA,13111215.772544041
904,Mouse8,Region2,SA,17934339.1523178
905,Mouse8,Region2,SA,13754273.719341496
906,Mouse8,Region2,SA,15575187.187872048
907,Mouse8,Region2,SA,14760603.926292757
908,Mouse8,Region2,SA,12520452.281174116
909,Mouse8,Region2,SA,18147114.984250598
910,Mouse8,Region2,SA,8401407.35583511
911,Mouse8,Region2,SA,8977032.631209679
912,Mouse8,Region2,SA,11683638.745126318
913,Mouse8,Region2,SA,8532373.004604023
914,Mouse8,Region2,SA,15504076.439092057
915,Mouse8,Region2,Vol,10318.666617649495
916,Mouse8,Region2,Vol,17633.617951387343
917,Mouse8,Region2,Vol,15059.150827576334
918,Mouse8,Region2,Vol,13759.247353906469
919,Mouse8,Region2,Vol,11982.916001898682
920,Mouse8,Region2,Vol,8336.466598493073
921,Mouse8,Region2,Vol,14534.901604503604
922,Mouse8,Region2,Vol,11938.563994828852
923,Mouse8,Region2,Vol,17084.339480777464
924,Mouse8,Region2,Vol,14744.365291491666
925,Mouse8,Region2,Vol,23726.217408045006
926,Mouse8,Region2,Vol,20265.22725048223
927,Mouse8,Region2,Vol,16580.768628532926
928,Mouse8,Region2,Vol,21822.238998711422
929,Mouse8,Region2,Vol,21726.205498148425
930,Mouse8,Region2,SA/Vol,0.3654440768015107
931,Mouse8,Region2,SA/Vol,0.29528864770059604
932,Mouse8,Region2,SA/Vol,0.3042334576357872
933,Mouse8,Region2,SA/Vol,0.3604615730288378
934,Mouse8,Region2,SA/Vol,0.303531533244566
935,Mouse8,Region2,SA/Vol,0.3552728957856342
936,Mouse8,Region2,SA/Vol,0.22416495684948864
937,Mouse8,Region2,SA/Vol,0.2955135019828123
938,Mouse8,Region2,SA/Vol,0.21209826775213095
939,Mouse8,Region2,SA/Vol,0.303004377772697
940,Mouse8,Region2,SA/Vol,0.3685384860761173
941,Mouse8,Region2,SA/Vol,0.2828152675625916
942,Mouse8,Region2,SA/Vol,0.31024338018477005
943,Mouse8,Region2,SA/Vol,0.30027351814855585
944,Mouse8,Region2,SA/Vol,0.2568551751522575
945,Mouse8,Region2,FractalDim,3.002739893518635
946,Mouse8,Region2,FractalDim,3.072792955816874
947,Mouse8,Region2,FractalDim,3.0853376128858594
948,Mouse8,Region2,FractalDim,3.087132390292286
949,Mouse8,Region2,FractalDim,3.001209408465205
950,Mouse8,Region2,FractalDim,3.131667233201868
951,Mouse8,Region2,FractalDim,3.011204891487623
952,Mouse8,Region2,FractalDim,3.0417481710108305
953,Mouse8,Region2,FractalDim,3.0590087198046225
954,Mouse8,Region2,FractalDim,3.0012822802985917
955,Mouse8,Region2,FractalDim,3.0623133359402446
956,Mouse8,Region2,FractalDim,3.057240740832309
957,Mouse8,Region2,FractalDim,3.0172624606965206
958,Mouse8,Region2,FractalDim,3.0625491392716127
959,Mouse8,Region2,FractalDim,2.988475716484518
960,Mouse1,Region3,SA,14123366.46310351
961,Mouse1,Region3,SA,20389158.06804015
962,Mouse1,Region3,SA,18305956.583927497
963,Mouse1,Region3,SA,15776979.521021493
964,Mouse1,Region3,SA,19948267.304113336
965,Mouse1,Region3,SA,13820742.863504518
966,Mouse1,Region3,SA,21176089.28393024
967,Mouse1,Region3,SA,15522805.736514391
968,Mouse1,Region3,SA,18689740.515605446
969,Mouse1,Region3,SA,16159776.333238723
970,Mouse1,Region3,SA,15779357.732361233
971,Mouse1,Region3,SA,19995352.51444796
972,Mouse1,Region3,SA,18227323.66385658
973,Mouse1,Region3,SA,15896455.199868664
974,Mouse1,Region3,SA,21012202.852985635
975,Mouse1,Region3,Vol,8886.50763719969
976,Mouse1,Region3,Vol,11751.856651852508
977,Mouse1,Region3,Vol,19016.29033689511
978,Mouse1,Region3,Vol,13637.913807176461
979,Mouse1,Region3,Vol,14342.33449961417
980,Mouse1,Region3,Vol,12388.920270366842
981,Mouse1,Region3,Vol,13215.294699067148
982,Mouse1,Region3,Vol,6072.4391755310335
983,Mouse1,Region3,Vol,14312.882862493761
984,Mouse1,Region3,Vol,5769.17609157808
985,Mouse1,Region3,Vol,18326.66567886479
986,Mouse1,Region3,Vol,14491.042413391671
987,Mouse1,Region3,Vol,16612.871516872125
988,Mouse1,Region3,Vol,12103.333584981403
989,Mouse1,Region3,Vol,18241.081969115046
990,Mouse1,Region3,SA/Vol,0.3594933197188871
991,Mouse1,Region3,SA/Vol,0.27853848452741486
992,Mouse1,Region3,SA/Vol,0.3159234783796618
993,Mouse1,Region3,SA/Vol,0.36523832740023093
994,Mouse1,Region3,SA/Vol,0.26392902538711294
995,Mouse1,Region3,SA/Vol,0.41619595550978195
996,Mouse1,Region3,SA/Vol,0.311355473682547
997,Mouse1,Region3,SA/Vol,0.3462361132006965
998,Mouse1,Region3,SA/Vol,0.2980161333022796
999,Mouse1,Region3,SA/Vol,0.3904241712877499
1000,Mouse1,Region3,SA/Vol,0.41072913163761826
1001,Mouse1,Region3,SA/Vol,0.3510743387676104
1002,Mouse1,Region3,SA/Vol,0.3427443273823448
1003,Mouse1,Region3,SA/Vol,0.33224563067044094
1004,Mouse1,Region3,SA/Vol,0.3412013359245172
1005,Mouse1,Region3,FractalDim,2.6075021691888582
1006,Mouse1,Region3,FractalDim,2.5844647006741424
1007,Mouse1,Region3,FractalDim,2.5786672052405364
1008,Mouse1,Region3,FractalDim,2.664894930668343
1009,Mouse1,Region3,FractalDim,2.588758314940305
1010,Mouse1,Region3,FractalDim,2.6586602762336047
1011,Mouse1,Region3,FractalDim,2.6085597404634684
1012,Mouse1,Region3,FractalDim,2.6338225226469065
1013,Mouse1,Region3,FractalDim,2.65653177073744
1014,Mouse1,Region3,FractalDim,2.6223830098661063
1015,Mouse1,Region3,FractalDim,2.6063095155727427
1016,Mouse1,Region3,FractalDim,2.609275840460122
1017,Mouse1,Region3,FractalDim,2.6330298170614532
1018,Mouse1,Region3,FractalDim,2.572740756550546
1019,Mouse1,Region3,FractalDim,2.6315468930576142
1020,Mouse2,Region3,SA,14454072.872420395
1021,Mouse2,Region3,SA,14341630.52469371
1022,Mouse2,Region3,SA,19983250.285435215
1023,Mouse2,Region3,SA,15930359.364765013
1024,Mouse2,Region3,SA,18565497.745853588
1025,Mouse2,Region3,SA,12536854.949254885
1026,Mouse2,Region3,SA,15561570.360281102
1027,Mouse2,Region3,SA,22603042.375057526
1028,Mouse2,Region3,SA,16006522.105030676
1029,Mouse2,Region3,SA,13777487.666774923
1030,Mouse2,Region3,SA,14607869.406478552
1031,Mouse2,Region3,SA,11895819.680123063
1032,Mouse2,Region3,SA,13747532.640702896
1033,Mouse2,Region3,SA,15698920.234497396
1034,Mouse2,Region3,SA,14570431.600544559
1035,Mouse2,Region3,Vol,12749.601572754122
1036,Mouse2,Region3,Vol,11091.015746342757
1037,Mouse2,Region3,Vol,16210.666345887195
1038,Mouse2,Region3,Vol,12652.387207215486
1039,Mouse2,Region3,Vol,19270.843108472138
1040,Mouse2,Region3,Vol,16387.391454188222
1041,Mouse2,Region3,Vol,15066.313078362442
1042,Mouse2,Region3,Vol,7814.873587126452
1043,Mouse2,Region3,Vol,10592.9954732904
1044,Mouse2,Region3,Vol,12573.480600918976
1045,Mouse2,Region3,Vol,12470.323488140955
1046,Mouse2,Region3,Vol,13028.791135325304
1047,Mouse2,Region3,Vol,13006.24043097837
1048,Mouse2,Region3,Vol,14745.367654648328
1049,Mouse2,Region3,Vol,11980.259379783158
1050,Mouse2,Region3,SA/Vol,0.38892864723036397
1051,Mouse2,Region3,SA/Vol,0.33154347475104623
1052,Mouse2,Region3,SA/Vol,0.35819628482858035
1053,Mouse2,Region3,SA/Vol,0.36451182909684143
1054,Mouse2,Region3,SA/Vol,0.34896048923748474
1055,Mouse2,Region3,SA/Vol,0.37915427068499746
1056,Mouse2,Region3,SA/Vol,0.3662370181299407
1057,Mouse2,Region3,SA/Vol,0.3377964039548218
1058,Mouse2,Region3,SA/Vol,0.34544321249187343
1059,Mouse2,Region3,SA/Vol,0.32776704533444445
1060,Mouse2,Region3,SA/Vol,0.24804397462815617
1061,Mouse2,Region3,SA/Vol,0.34001905293933726
1062,Mouse2,Region3,SA/Vol,0.2956455035545819
1063,Mouse2,Region3,SA/Vol,0.2681022018667389
1064,Mouse2,Region3,SA/Vol,0.3484313157834198
1065,Mouse2,Region3,FractalDim,3.3466188269852015
1066,Mouse2,Region3,FractalDim,3.4080262858483117
1067,Mouse2,Region3,FractalDim,3.402825817998598
1068,Mouse2,Region3,FractalDim,3.4352810770343982
1069,Mouse2,Region3,FractalDim,3.3618344439365195
1070,Mouse2,Region3,FractalDim,3.413916765007944
1071,Mouse2,Region3,FractalDim,3.4243526233867234
1072,Mouse2,Region3,FractalDim,3.425121818951866
1073,Mouse2,Region3,FractalDim,3.3700430771816023
1074,Mouse2,Region3,FractalDim,3.3463217161063774
1075,Mouse2,Region3,FractalDim,3.406365387932633
1076,Mouse2,Region3,FractalDim,3.3546362647902903
1077,Mouse2,Region3,FractalDim,3.3371971018179667
1078,Mouse2,Region3,FractalDim,3.38043377457971
1079,Mouse2,Region3,FractalDim,3.39446443975919
1080,Mouse3,Region3,SA,18904069.924452797
1081,Mouse3,Region3,SA,4216280.487553837
1082,Mouse3,Region3,SA,9971126.110731645
1083,Mouse3,Region3,SA,6835997.990449324
1084,Mouse3,Region3,SA,9377077.038577517
1085,Mouse3,Region3,SA,16169652.763286974
1086,Mouse3,Region3,SA,12314322.667089619
1087,Mouse3,Region3,SA,11481403.648183053
1088,Mouse3,Region3,SA,12388655.296581706
1089,Mouse3,Region3,SA,8880764.503519192
1090,Mouse3,Region3,SA,5097717.564815415
1091,Mouse3,Region3,SA,7427051.319646879
1092,Mouse3,Region3,SA,12755968.711182777
1093,Mouse3,Region3,SA,10001064.39811166
1094,Mouse3,Region3,SA,15953513.277481316
1095,Mouse3,Region3,Vol,10219.196443723584
1096,Mouse3,Region3,Vol,19451.631795012174
1097,Mouse3,Region3,Vol,17269.858066328383
1098,Mouse3,Region3,Vol,11780.171492306654
1099,Mouse3,Region3,Vol,6404.821005331704
1100,Mouse3,Region3,Vol,10893.462333628448
1101,Mouse3,Region3,Vol,23406.900513501198
1102,Mouse3,Region3,Vol,15206.564511638517
1103,Mouse3,Region3,Vol,20972.79793384519
1104,Mouse3,Region3,Vol,14341.280293007125
1105,Mouse3,Region3,Vol,9688.719065476413
1106,Mouse3,Region3,Vol,5686.462512494802
1107,Mouse3,Region3,Vol,14011.333428009837
1108,Mouse3,Region3,Vol,12880.043963440874
1109,Mouse3,Region3,Vol,13261.978934692113
1110,Mouse3,Region3,SA/Vol,0.2952106890829988
1111,Mouse3,Region3,SA/Vol,0.272173606832513
1112,Mouse3,Region3,SA/Vol,0.2600313673411671
1113,Mouse3,Region3,SA/Vol,0.2933999607981506
1114,Mouse3,Region3,SA/Vol,0.3383018686239787
1115,Mouse3,Region3,SA/Vol,0.2856570290984985
1116,Mouse3,Region3,SA/Vol,0.20918062949314759
1117,Mouse3,Region3,SA/Vol,0.2670733899059219
1118,Mouse3,Region3,SA/Vol,0.30467815478645327
1119,Mouse3,Region3,SA/Vol,0.3171538129612966
1120,Mouse3,Region3,SA/Vol,0.24649141742715827
1121,Mouse3,Region3,SA/Vol,0.3414818901217089
1122,Mouse3,Region3,SA/Vol,0.24103998143978642
1123,Mouse3,Region3,SA/Vol,0.27656410024303013
1124,Mouse3,Region3,SA/Vol,0.3124284796254333
1125,Mouse3,Region3,FractalDim,3.2512759255908295
1126,Mouse3,Region3,FractalDim,3.2131099961116916
1127,Mouse3,Region3,FractalDim,3.265785530081193
1128,Mouse3,Region3,FractalDim,3.199535359404145
1129,Mouse3,Region3,FractalDim,3.267233363721452
1130,Mouse3,Region3,FractalDim,3.2100407838232607
1131,Mouse3,Region3,FractalDim,3.227132790456381
1132,Mouse3,Region3,FractalDim,3.249781813454894
1133,Mouse3,Region3,FractalDim,3.2425084788545964
1134,Mouse3,Region3,FractalDim,3.208169394332363
1135,Mouse3,Region3,FractalDim,3.1655827898631745
1136,Mouse3,Region3,FractalDim,3.214241519477592
1137,Mouse3,Region3,FractalDim,3.2169366659770757
1138,Mouse3,Region3,FractalDim,3.2002979305627584
1139,Mouse3,Region3,FractalDim,3.2540927351473585
1140,Mouse4,Region3,SA,10790044.164961401
1141,Mouse4,Region3,SA,6160742.266263915
1142,Mouse4,Region3,SA,12789318.56761299
1143,Mouse4,Region3,SA,8730036.297922052
1144,Mouse4,Region3,SA,13343651.249456232
1145,Mouse4,Region3,SA,10258471.332851803
1146,Mouse4,Region3,SA,11711276.711196586
1147,Mouse4,Region3,SA,15666349.292601531
1148,Mouse4,Region3,SA,12022806.947806764
1149,Mouse4,Region3,SA,10681288.157310387
1150,Mouse4,Region3,SA,6638640.566634298
1151,Mouse4,Region3,SA,7825152.653908908
1152,Mouse4,Region3,SA,12357633.624129836
1153,Mouse4,Region3,SA,7603310.600308091
1154,Mouse4,Region3,SA,5295986.143180655
1155,Mouse4,Region3,Vol,14009.464259481432
1156,Mouse4,Region3,Vol,19164.990094630666
1157,Mouse4,Region3,Vol,18129.56922177579
1158,Mouse4,Region3,Vol,18648.436517581216
1159,Mouse4,Region3,Vol,16609.803898595947
1160,Mouse4,Region3,Vol,23894.91992682567
1161,Mouse4,Region3,Vol,15967.047765934982
1162,Mouse4,Region3,Vol,21956.904167466557
1163,Mouse4,Region3,Vol,16793.111047971048
1164,Mouse4,Region3,Vol,22971.279107042024
1165,Mouse4,Region3,Vol,18729.787654509655
1166,Mouse4,Region3,Vol,17770.27306754967
1167,Mouse4,Region3,Vol,23489.49529417608
1168,Mouse4,Region3,Vol,24451.289267239
1169,Mouse4,Region3,Vol,24081.184606894138
1170,Mouse4,Region3,SA/Vol,0.37528474082966823
1171,Mouse4,Region3,SA/Vol,0.29776882949333805
1172,Mouse4,Region3,SA/Vol,0.3289554784865853
1173,Mouse4,Region3,SA/Vol,0.3130040804087021
1174,Mouse4,Region3,SA/Vol,0.3143774618946345
1175,Mouse4,Region3,SA/Vol,0.35324856484596306
1176,Mouse4,Region3,SA/Vol,0.3488121924992409
1177,Mouse4,Region3,SA/Vol,0.37340744658555763
1178,Mouse4,Region3,SA/Vol,0.3190678246297902
1179,Mouse4,Region3,SA/Vol,0.33746637711315985
1180,Mouse4,Region3,SA/Vol,0.35169810056433287
1181,Mouse4,Region3,SA/Vol,0.2995749448163409
1182,Mouse4,Region3,SA/Vol,0.29464224658495247
1183,Mouse4,Region3,SA/Vol,0.34748306531619144
1184,Mouse4,Region3,SA/Vol,0.31492434252192414
1185,Mouse4,Region3,FractalDim,2.636746612949841
1186,Mouse4,Region3,FractalDim,2.684587841384451
1187,Mouse4,Region3,FractalDim,2.660569656726551
1188,Mouse4,Region3,FractalDim,2.665169922946105
1189,Mouse4,Region3,FractalDim,2.655151084037828
1190,Mouse4,Region3,FractalDim,2.6025717584628403
1191,Mouse4,Region3,FractalDim,2.588040013400698
1192,Mouse4,Region3,FractalDim,2.600613099137515
1193,Mouse4,Region3,FractalDim,2.5884983858058708
1194,Mouse4,Region3,FractalDim,2.596624889956799
1195,Mouse4,Region3,FractalDim,2.6359421710552797
1196,Mouse4,Region3,FractalDim,2.711731292665096
1197,Mouse4,Region3,FractalDim,2.640744181513144
1198,Mouse4,Region3,FractalDim,2.6169487771485826
1199,Mouse4,Region3,FractalDim,2.569817477988753
1200,Mouse5,Region3,SA,7415467.914926091
1201,Mouse5,Region3,SA,17259957.553381383
1202,Mouse5,Region3,SA,16847500.082003318
1203,Mouse5,Region3,SA,7338429.928793076
1204,Mouse5,Region3,SA,9672139.013308313
1205,Mouse5,Region3,SA,11785945.255880618
1206,Mouse5,Region3,SA,17379551.045764998
1207,Mouse5,Region3,SA,11008197.97963983
1208,Mouse5,Region3,SA,8018292.234727741
1209,Mouse5,Region3,SA,15677725.72267424
1210,Mouse5,Region3,SA,9605544.478944667
1211,Mouse5,Region3,SA,9410666.58348662
1212,Mouse5,Region3,SA,14330832.198337987
1213,Mouse5,Region3,SA,10366214.957327591
1214,Mouse5,Region3,SA,12259144.17352325
1215,Mouse5,Region3,Vol,15368.07369365769
1216,Mouse5,Region3,Vol,9227.086137060014
1217,Mouse5,Region3,Vol,21835.127473194705
1218,Mouse5,Region3,Vol,16572.58055216222
1219,Mouse5,Region3,Vol,10491.218978040675
1220,Mouse5,Region3,Vol,6790.640835966995
1221,Mouse5,Region3,Vol,11903.078722649036
1222,Mouse5,Region3,Vol,8173.054383891412
1223,Mouse5,Region3,Vol,22142.36602086728
1224,Mouse5,Region3,Vol,16304.617677485665
1225,Mouse5,Region3,Vol,13817.332914150747
1226,Mouse5,Region3,Vol,11595.471326860157
1227,Mouse5,Region3,Vol,8687.845809810862
1228,Mouse5,Region3,Vol,16479.857449609543
1229,Mouse5,Region3,Vol,18805.763127398714
1230,Mouse5,Region3,SA/Vol,0.370560630823352
1231,Mouse5,Region3,SA/Vol,0.3524379551756438
1232,Mouse5,Region3,SA/Vol,0.33519943868810775
1233,Mouse5,Region3,SA/Vol,0.33375457012271975
1234,Mouse5,Region3,SA/Vol,0.37609304380101655
1235,Mouse5,Region3,SA/Vol,0.34188868464893524
1236,Mouse5,Region3,SA/Vol,0.35364729496490016
1237,Mouse5,Region3,SA/Vol,0.35919987382719176
1238,Mouse5,Region3,SA/Vol,0.33727803527120404
1239,Mouse5,Region3,SA/Vol,0.32504958278008467
1240,Mouse5,Region3,SA/Vol,0.36471038839571734
1241,Mouse5,Region3,SA/Vol,0.34712597683643615
1242,Mouse5,Region3,SA/Vol,0.34586837371832746
1243,Mouse5,Region3,SA/Vol,0.33054732714775426
1244,Mouse5,Region3,SA/Vol,0.31259452056672443
1245,Mouse5,Region3,FractalDim,2.445871174243513
1246,Mouse5,Region3,FractalDim,2.4524993040378327
1247,Mouse5,Region3,FractalDim,2.4424380137292507
1248,Mouse5,Region3,FractalDim,2.5343902092492594
1249,Mouse5,Region3,FractalDim,2.4483587730812832
1250,Mouse5,Region3,FractalDim,2.4050752323283615
1251,Mouse5,Region3,FractalDim,2.409716665380261
1252,Mouse5,Region3,FractalDim,2.4220525756809743
1253,Mouse5,Region3,FractalDim,2.5064638114824933
1254,Mouse5,Region3,FractalDim,2.473554540629148
1255,Mouse5,Region3,FractalDim,2.4259978851110025
1256,Mouse5,Region3,FractalDim,2.4330671481655535
1257,Mouse5,Region3,FractalDim,2.503281657849949
1258,Mouse5,Region3,FractalDim,2.407769317105815
1259,Mouse5,Region3,FractalDim,2.5158141388792377
1260,Mouse6,Region3,SA,17458264.72693859
1261,Mouse6,Region3,SA,14794339.804398943
1262,Mouse6,Region3,SA,8263841.633275943
1263,Mouse6,Region3,SA,18635627.93360399
1264,Mouse6,Region3,SA,14216025.52356429
1265,Mouse6,Region3,SA,18390228.0633401
1266,Mouse6,Region3,SA,23155033.9152807
1267,Mouse6,Region3,SA,16179342.498166561
1268,Mouse6,Region3,SA,22299539.05538771
1269,Mouse6,Region3,SA,11553163.273885572
1270,Mouse6,Region3,SA,12028157.737101957
1271,Mouse6,Region3,SA,14374429.274626575
1272,Mouse6,Region3,SA,6993726.157859322
1273,Mouse6,Region3,SA,9380323.909152718
1274,Mouse6,Region3,SA,20035525.975397628
1275,Mouse6,Region3,Vol,19183.7430535399
1276,Mouse6,Region3,Vol,16934.05601488325
1277,Mouse6,Region3,Vol,12604.151269583439
1278,Mouse6,Region3,Vol,14006.913988334107
1279,Mouse6,Region3,Vol,21730.00942727046
1280,Mouse6,Region3,Vol,23374.24639929497
1281,Mouse6,Region3,Vol,9708.13853321983
1282,Mouse6,Region3,Vol,21833.700632342974
1283,Mouse6,Region3,Vol,13294.174621560265
1284,Mouse6,Region3,Vol,16824.590114404382
1285,Mouse6,Region3,Vol,11321.721729849101
1286,Mouse6,Region3,Vol,12541.53997692036
1287,Mouse6,Region3,Vol,18633.404611632996
1288,Mouse6,Region3,Vol,19415.040508039372
1289,Mouse6,Region3,Vol,11910.709178778112
1290,Mouse6,Region3,SA/Vol,0.1974920716971124
1291,Mouse6,Region3,SA/Vol,0.26471031792546545
1292,Mouse6,Region3,SA/Vol,0.2953759236936237
1293,Mouse6,Region3,SA/Vol,0.28834069356673886
1294,Mouse6,Region3,SA/Vol,0.3059120000825574
1295,Mouse6,Region3,SA/Vol,0.3401525689939764
1296,Mouse6,Region3,SA/Vol,0.2685530575709455
1297,Mouse6,Region3,SA/Vol,0.27166925525186736
1298,Mouse6,Region3,SA/Vol,0.304087650042425
1299,Mouse6,Region3,SA/Vol,0.304548007955194
1300,Mouse6,Region3,SA/Vol,0.27139085578624067
1301,Mouse6,Region3,SA/Vol,0.28364931871740423
1302,Mouse6,Region3,SA/Vol,0.2934012479178251
1303,Mouse6,Region3,SA/Vol,0.3473264012889863
1304,Mouse6,Region3,SA/Vol,0.29605720223509085
1305,Mouse6,Region3,FractalDim,3.072457986227901
1306,Mouse6,Region3,FractalDim,2.9993678960386263
1307,Mouse6,Region3,FractalDim,3.0621043696076633
1308,Mouse6,Region3,FractalDim,3.0205624260083686
1309,Mouse6,Region3,FractalDim,2.9888321658891726
1310,Mouse6,Region3,FractalDim,3.062530678887155
1311,Mouse6,Region3,FractalDim,3.048275541905163
1312,Mouse6,Region3,FractalDim,3.0673532291461574
1313,Mouse6,Region3,FractalDim,2.994438760309179
1314,Mouse6,Region3,FractalDim,3.0249213748676094
1315,Mouse6,Region3,FractalDim,3.0367495861453744
1316,Mouse6,Region3,FractalDim,3.000290816543299
1317,Mouse6,Region3,FractalDim,3.0687594766397948
1318,Mouse6,Region3,FractalDim,2.9946470226859554
1319,Mouse6,Region3,FractalDim,3.0495683388463073
1320,Mouse7,Region3,SA,9811162.296134202
1321,Mouse7,Region3,SA,10451545.672453292
1322,Mouse7,Region3,SA,9671386.842434835
1323,Mouse7,Region3,SA,15536148.365568096
1324,Mouse7,Region3,SA,12624605.904966464
1325,Mouse7,Region3,SA,22905386.573592395
1326,Mouse7,Region3,SA,11464174.018963609
1327,Mouse7,Region3,SA,13049104.643649176
1328,Mouse7,Region3,SA,19232443.81372644
1329,Mouse7,Region3,SA,15886472.886442471
1330,Mouse7,Region3,SA,14757861.325187324
1331,Mouse7,Region3,SA,13373491.224047799
1332,Mouse7,Region3,SA,10344167.329178542
1333,Mouse7,Region3,SA,12866567.142303158
1334,Mouse7,Region3,SA,15429209.237538515
1335,Mouse7,Region3,Vol,14892.399815712175
1336,Mouse7,Region3,Vol,24227.97504447106
1337,Mouse7,Region3,Vol,22304.73546333343
1338,Mouse7,Region3,Vol,14677.170284237221
1339,Mouse7,Region3,Vol,18632.500610207102
1340,Mouse7,Region3,Vol,20546.465239362493
1341,Mouse7,Region3,Vol,19482.025622481797
1342,Mouse7,Region3,Vol,14009.936413806763
1343,Mouse7,Region3,Vol,8732.309199310852
1344,Mouse7,Region3,Vol,18588.06251587453
1345,Mouse7,Region3,Vol,21385.82658409357
1346,Mouse7,Region3,Vol,18616.82544643699
1347,Mouse7,Region3,Vol,14395.951400464757
1348,Mouse7,Region3,Vol,22502.776372058655
1349,Mouse7,Region3,Vol,23558.57797779811
1350,Mouse7,Region3,SA/Vol,0.29179498488038125
1351,Mouse7,Region3,SA/Vol,0.3036671594432088
1352,Mouse7,Region3,SA/Vol,0.30127711042207495
1353,Mouse7,Region3,SA/Vol,0.267068120436609
1354,Mouse7,Region3,SA/Vol,0.31089761656484877
1355,Mouse7,Region3,SA/Vol,0.2933235336899419
1356,Mouse7,Region3,SA/Vol,0.2926351561912899
1357,Mouse7,Region3,SA/Vol,0.3327578507270995
1358,Mouse7,Region3,SA/Vol,0.3281274736010705
1359,Mouse7,Region3,SA/Vol,0.34079970506685553
1360,Mouse7,Region3,SA/Vol,0.30065293766767126
1361,Mouse7,Region3,SA/Vol,0.2833344471527328
1362,Mouse7,Region3,SA/Vol,0.289902327687776
1363,Mouse7,Region3,SA/Vol,0.2753185444290405
1364,Mouse7,Region3,SA/Vol,0.3218307794838084
1365,Mouse7,Region3,FractalDim,2.320180404939592
1366,Mouse7,Region3,FractalDim,2.3657321266764364
1367,Mouse7,Region3,FractalDim,2.3392912460199
1368,Mouse7,Region3,FractalDim,2.328395071589404
1369,Mouse7,Region3,FractalDim,2.369736337166418
1370,Mouse7,Region3,FractalDim,2.409621945568893
1371,Mouse7,Region3,FractalDim,2.3287462993223365
1372,Mouse7,Region3,FractalDim,2.327926685379876
1373,Mouse7,Region3,FractalDim,2.3445789236022176
1374,Mouse7,Region3,FractalDim,2.356217834439101
1375,Mouse7,Region3,FractalDim,2.339879260543575
1376,Mouse7,Region3,FractalDim,2.337842727562163
1377,Mouse7,Region3,FractalDim,2.2914999376025156
1378,Mouse7,Region3,FractalDim,2.329884715947003
1379,Mouse7,Region3,FractalDim,2.3393975287615536
1380,Mouse8,Region3,SA,14111273.998171104
1381,Mouse8,Region3,SA,14058247.521391915
1382,Mouse8,Region3,SA,18032731.155686084
1383,Mouse8,Region3,SA,10803183.305083375
1384,Mouse8,Region3,SA,12498341.653360862
1385,Mouse8,Region3,SA,9913758.569024092
1386,Mouse8,Region3,SA,13052884.332362166
1387,Mouse8,Region3,SA,11895452.258567737
1388,Mouse8,Region3,SA,6112285.366377059
1389,Mouse8,Region3,SA,15936881.829489112
1390,Mouse8,Region3,SA,21466502.62909615
1391,Mouse8,Region3,SA,6064490.049551306
1392,Mouse8,Region3,SA,17033333.205924593
1393,Mouse8,Region3,SA,15513311.18563196
1394,Mouse8,Region3,SA,14998082.428895919
1395,Mouse8,Region3,Vol,19320.690248778435
1396,Mouse8,Region3,Vol,12872.466901865278
1397,Mouse8,Region3,Vol,12135.418529190621
1398,Mouse8,Region3,Vol,19179.95071409748
1399,Mouse8,Region3,Vol,18216.100310172093
1400,Mouse8,Region3,Vol,14015.509140490918
1401,Mouse8,Region3,Vol,14870.150077463826
1402,Mouse8,Region3,Vol,10031.433084718292
1403,Mouse8,Region3,Vol,17679.40307620198
1404,Mouse8,Region3,Vol,15191.061663159762
1405,Mouse8,Region3,Vol,10968.18897852713
1406,Mouse8,Region3,Vol,22112.27959683969
1407,Mouse8,Region3,Vol,18860.109461400818
1408,Mouse8,Region3,Vol,13668.132966950892
1409,Mouse8,Region3,Vol,15999.621075389077
1410,Mouse8,Region3,SA/Vol,0.3700155217462402
1411,Mouse8,Region3,SA/Vol,0.3348824490117845
1412,Mouse8,Region3,SA/Vol,0.28506997438452486
1413,Mouse8,Region3,SA/Vol,0.29575077482806506
1414,Mouse8,Region3,SA/Vol,0.38251640366408624
1415,Mouse8,Region3,SA/Vol,0.3158229618679312
1416,Mouse8,Region3,SA/Vol,0.2940092351232768
1417,Mouse8,Region3,SA/Vol,0.314183898064434
1418,Mouse8,Region3,SA/Vol,0.33539999238353474
1419,Mouse8,Region3,SA/Vol,0.3351223043574832
1420,Mouse8,Region3,SA/Vol,0.32001315174793366
1421,Mouse8,Region3,SA/Vol,0.3464148289373558
1422,Mouse8,Region3,SA/Vol,0.326332350506683
1423,Mouse8,Region3,SA/Vol,0.2843225360438092
1424,Mouse8,Region3,SA/Vol,0.3172093375058648
1425,Mouse8,Region3,FractalDim,2.56455600404653
1426,Mouse8,Region3,FractalDim,2.453998004474916
1427,Mouse8,Region3,FractalDim,2.4945511065267696
1428,Mouse8,Region3,FractalDim,2.441491328493769
1429,Mouse8,Region3,FractalDim,2.3673175080469346
1430,Mouse8,Region3,FractalDim,2.371435795495893
1431,Mouse8,Region3,FractalDim,2.387912338487949
1432,Mouse8,Region3,FractalDim,2.4408661547542243
1433,Mouse8,Region3,FractalDim,2.448218047961456
1434,Mouse8,Region3,FractalDim,2.470024501586434
1435,Mouse8,Region3,FractalDim,2.4599489167922535
1436,Mouse8,Region3,FractalDim,2.4215536506877404
1437,Mouse8,Region3,FractalDim,2.4647770780075557
1438,Mouse8,Region3,FractalDim,2.490334224160079
1439,Mouse8,Region3,FractalDim,2.418560679442867
