Animal,Region,Image,avg_Intensity_MeanIntensity_Threshold_GeneA,avg_Intensity_MeanIntensity_Threshold_GeneB,avg_Intensity_MeanIntensity_Threshold_GeneC,avg_Intensity_MeanIntensity_Threshold_GeneD,avg_Intensity_MeanIntensity_Threshold_GeneE,avg_Intensity_MeanIntensity_Threshold_GeneF,avg_Intensity_MeanIntensity_Threshold_GeneG
23-202M,pfc,23-202M_pfc,0.023425329,0.040271976,0.097127565,0.011186777,0.038815728,0.254112082,0.01721429
24-126F,pfc,24-126F_pfc,0.009499728,0.02166985,0.034637981,0.005388948,0.037902128,0.107070446,0.016417316
23-202M,str,23-202M_str,0.018886645,0.017847134,0.068823544,0.009195177,0.028383415,0.205782005,0.079909281
24-126F,str,24-126F_str,0.017117072,0.034523987,0.080201922,0.009069072,0.039455228,0.201455286,0.079184376
23-202M,thal,23-202M_thal,0.024693753,0.020984246,0.000299172,0.006183956,0.014881014,0.114970264,0.041045147
24-126F,thal,24-126F_thal,0.037673643,0.023247636,0.000340392,0.004981187,0.018288288,0.065699215,0.176777672
