Animal,Region,Image,avg_Intensity_MeanIntensity_Threshold_GeneA,avg_Intensity_MeanIntensity_Threshold_GeneB,avg_Intensity_MeanIntensity_Threshold_GeneC,avg_Intensity_MeanIntensity_Threshold_GeneD,avg_Intensity_MeanIntensity_Threshold_GeneE,avg_Intensity_MeanIntensity_Threshold_GeneF,avg_Intensity_MeanIntensity_Threshold_GeneG
23-202M,pfc,23-202M_pfc,0.031794901,0.08264855,0.068499651,0.021591508,0.083861426,0.043418406,0.023803283
24-126F,pfc,24-126F_pfc,0.016446099,0.038585781,0.013704239,0.009896237,0.072529037,0.017407697,0.020930884
23-202M,str,23-202M_str,0.030495663,0.025697317,0.047121678,0.01016434,0.032944558,0.05948386,0.120699301
24-126F,str,24-126F_str,0.024591387,0.041968927,0.029512068,0.010709561,0.043339874,0.049885541,0.127010993
23-202M,thal,23-202M_thal,0.05428156,0.052687495,0.000319005,0.007724262,0.047459375,0.033575615,0.039307626
24-126F,thal,24-126F_thal,0.08487898,0.072258337,0.000263209,0.007124529,0.081320956,0.020348205,0.108951949
